name,family,info,country,picture
Anji Bai Cha,Green,,China,
Biluochun,Green,,China,
Huangshan Maofeng,Green,,China,
Longjing,Green,,China,
Sencha,Green,,Japan,
Gyokuro,Green,,Japan,
Genmaicha,Green,,Japan,
Hojicha,Green,,Japan,
Tencha,Green,,Japan,
Matcha,Green,,Japan,
Keemun,Black,,China,
Lapsang Souchong,Black,,China,
Dianhong,Black,,China,
Jin Jun Mei,Black,,China,
Darjeeling First Flush,Black,,India,
Darjeeling Second Flush,Black,,India,
Assam,Black,,India,
Nilgiri,Black,,India,
Dongding,Oolong,,Taiwan,
Baozhong,Oolong,,Taiwan,
Lishan,Oolong,,Taiwan,
Tie Guan Yin,Oolong,,China,
Wuyi,Oolong,,China,
Dancong,Oolong,,China,
Mo Gan Huang Ya,Yellow,,China,
Sheng Puerh,Post-fermented,,China,
Shou Puerh,Post-fermented,,China,
Singpho Falap,Post-fermented,,India,
Fu Cha,Post-fermented,,China,